--
-- Script was generated by Devart dbForge Studio 2020 for MySQL, Version 9.0.689.0
-- Product home page: http://www.devart.com/dbforge/mysql/studio
-- Script date 2022. 04. 29. 20:10:00
-- Server version: 10.4.21
-- Client version: 4.1
--

-- 
-- Disable foreign keys
-- 
/*!40014 SET @OLD_FOREIGN_KEY_CHECKS=@@FOREIGN_KEY_CHECKS, FOREIGN_KEY_CHECKS=0 */;

-- 
-- Set SQL mode
-- 
/*!40101 SET @OLD_SQL_MODE=@@SQL_MODE, SQL_MODE='NO_AUTO_VALUE_ON_ZERO' */;

-- 
-- Set character set the client will use to send SQL statements to the server
--
SET NAMES 'utf8';

--
-- Set default database
--
USE edesseg;

--
-- Drop table `order_heads`
--
DROP TABLE IF EXISTS order_heads;

--
-- Drop table `orders`
--
DROP TABLE IF EXISTS orders;

--
-- Drop table `users`
--
DROP TABLE IF EXISTS users;

--
-- Drop table `sweets`
--
DROP TABLE IF EXISTS sweets;

--
-- Drop table `categories`
--
DROP TABLE IF EXISTS categories;

--
-- Drop table `manufacturers`
--
DROP TABLE IF EXISTS manufacturers;

--
-- Set default database
--
USE edesseg;

--
-- Create table `manufacturers`
--
CREATE TABLE manufacturers (
  gyartoid INT(11) NOT NULL AUTO_INCREMENT,
  nev VARCHAR(255) NOT NULL,
  PRIMARY KEY (gyartoid)
)
ENGINE = INNODB,
AUTO_INCREMENT = 19,
AVG_ROW_LENGTH = 963,
CHARACTER SET utf8,
COLLATE utf8_hungarian_ci;

--
-- Create table `categories`
--
CREATE TABLE categories (
  kategoriaid INT(11) NOT NULL AUTO_INCREMENT,
  nev VARCHAR(255) NOT NULL,
  PRIMARY KEY (kategoriaid)
)
ENGINE = INNODB,
AUTO_INCREMENT = 4,
AVG_ROW_LENGTH = 5461,
CHARACTER SET utf8,
COLLATE utf8_hungarian_ci;

--
-- Create table `sweets`
--
CREATE TABLE sweets (
  ID INT(11) NOT NULL AUTO_INCREMENT,
  nev VARCHAR(255) NOT NULL,
  gyarto INT(11) NOT NULL,
  kategoria INT(11) NOT NULL,
  kep VARCHAR(255) DEFAULT NULL,
  reszletek VARCHAR(255) DEFAULT NULL,
  ar INT(11) NOT NULL,
  darab INT(11) NOT NULL,
  PRIMARY KEY (ID)
)
ENGINE = INNODB,
AUTO_INCREMENT = 31,
AVG_ROW_LENGTH = 1129,
CHARACTER SET utf8,
COLLATE utf8_hungarian_ci;

--
-- Create foreign key
--
ALTER TABLE sweets 
  ADD CONSTRAINT FK_gyartok FOREIGN KEY (gyarto)
    REFERENCES manufacturers(gyartoid) ON DELETE NO ACTION;

--
-- Create foreign key
--
ALTER TABLE sweets 
  ADD CONSTRAINT FK_kategoria FOREIGN KEY (kategoria)
    REFERENCES categories(kategoriaid) ON DELETE NO ACTION;

--
-- Create table `users`
--
CREATE TABLE users (
  id INT(11) NOT NULL AUTO_INCREMENT,
  username VARCHAR(255) NOT NULL,
  email VARCHAR(50) NOT NULL,
  cim VARCHAR(255) NOT NULL,
  telefon VARCHAR(255) NOT NULL,
  password VARCHAR(255) NOT NULL,
  PRIMARY KEY (id)
)
ENGINE = INNODB,
AUTO_INCREMENT = 2,
AVG_ROW_LENGTH = 16384,
CHARACTER SET utf8,
COLLATE utf8_hungarian_ci;

--
-- Create table `orders`
--
CREATE TABLE orders (
  id INT(11) NOT NULL,
  edessegid INT(11) DEFAULT NULL,
  mennyiseg INT(11) DEFAULT NULL,
  rendeles_fej_id INT(11) NOT NULL
)
ENGINE = INNODB,
CHARACTER SET utf8,
COLLATE utf8_hungarian_ci;

--
-- Create foreign key
--
ALTER TABLE orders 
  ADD CONSTRAINT FK_rendeles_edessegid FOREIGN KEY (edessegid)
    REFERENCES sweets(ID) ON DELETE NO ACTION;

--
-- Create foreign key
--
ALTER TABLE orders 
  ADD CONSTRAINT FK_rendeles_rendeles_fej_id FOREIGN KEY (rendeles_fej_id)
    REFERENCES users(id) ON DELETE NO ACTION;

--
-- Create table `order_heads`
--
CREATE TABLE order_heads (
  id INT(11) NOT NULL AUTO_INCREMENT,
  datum DATE DEFAULT NULL,
  user_id INT(11) DEFAULT NULL,
  PRIMARY KEY (id)
)
ENGINE = INNODB,
CHARACTER SET utf8,
COLLATE utf8_hungarian_ci;

--
-- Create foreign key
--
ALTER TABLE order_heads 
  ADD CONSTRAINT FK_order_heads_user_id FOREIGN KEY (user_id)
    REFERENCES users(id) ON DELETE NO ACTION;

-- 
-- Dumping data for table manufacturers
--
INSERT INTO manufacturers VALUES
(1, 'HARIBO'),
(2, 'MILKA'),
(3, 'PEZ'),
(4, 'SZAMOS'),
(5, 'MARS'),
(6, 'WRIGLEY'),
(7, 'MONDELEZ'),
(8, 'THE BELGIAN CHOCOLATE GROUP'),
(9, 'LINDT'),
(10, 'SZERENCSI'),
(11, 'STORCK'),
(12, 'BONBONETTI'),
(13, 'ASIX DISTRIBUTION'),
(14, 'NESTLÉ'),
(15, 'INTERSNACK'),
(16, 'MOGYI'),
(17, 'NV SNACK FOOD POCO LOCO'),
(18, 'BIOPONT');

-- 
-- Dumping data for table categories
--
INSERT INTO categories VALUES
(1, 'gumicuki'),
(2, 'csoki'),
(3, 'ragcsa');

-- 
-- Dumping data for table users
--
INSERT INTO users VALUES
(1, 'admin', 'admin@admin.hu', '9024 Próba, Próba utca 42.', '06301234567', '0192023a7bbd73250516f069df18b500');

-- 
-- Dumping data for table sweets
--
INSERT INTO sweets VALUES
(1, 'CHIO MASTER CROK PIZZA ÍZŰ KUKORICASNACK 40 G', 15, 3, 'https://cdn1.interspar.at/cachableservlets/articleImage.dam/hu/118494005/dt_sub.jpg', 'Mesterséges ízfokozót és színezéket nem tartalmaz', 189, 652),
(2, 'BALATON ÚJHULLÁM TEJCSOKOLÁDÉVAL MÁRTOTT, KAKAÓS KRÉMMEL TÖLTÖTT OSTYA 33 G', 14, 2, 'https://cdn1.interspar.at/cachableservlets/articleImage.dam/hu/469755008/dt_sub.jpg', 'Tejcsokoládéval mártott, kakaós krémmel töltött ostya', 109, 1270),
(3, 'SZAMOS SZÍVDESSZERT DESSZERTMARCIPÁN CSOKOLÁDÉ BEVONATTAL 10 DB 130 G', 4, 2, 'https://cdn1.interspar.at/cachableservlets/articleImage.dam/hu/55973007/dt_sub.jpg', 'A csokoládé kakaótartalma 70%', 2199, 300),
(4, 'HARIBO CHAMALLOWS FLOWERS HABCUKORKA 100 G', 1, 1, 'https://cdn1.interspar.at/cachableservlets/articleImage.dam/hu/134861003/dt_sub.jpg', 'A csomagolás 4 adagot tartalmaz.\r\nReferencia beviteli érték egy átlagos felnőtt számára (8400kJ/2000kcal)', 400, 200),
(5, 'PEZ VEGYES GYÜMÖLCSÍZŰ TÖLTETLEN KEMÉNYCUKORKA 5 X 8,5 G', 3, 1, 'https://cdn1.interspar.at/cachableservlets/articleImage.dam/hu/57921006/dt_sub.jpg', '4+1 ajándék!', 259, 1100),
(6, 'MILKY WAY TEJCSOKOLÁDÉBA MÁRTOTT SZELET TEJES KRÉM TÖLTELÉKKEL 21,5 G', 5, 2, 'https://cdn1.interspar.at/cachableservlets/articleImage.dam/hu/1815009/dt_sub.jpg', 'Tejcsokoládéba (39%) mártott szelet tejes krém (61%) töltelékkel', 159, 867),
(7, 'SKITTLES FRUITS GYÜMÖLCSÍZŰ CUKORDRAZSÉ ROPOGÓS CUKORMÁZBAN 38 G', 6, 1, 'https://cdn1.interspar.at/cachableservlets/articleImage.dam/hu/338493000/dt_sub.jpg', 'Gyümölcsízű cukordrazsé ropogós cukormázban.', 189, 714),
(8, 'HARIBO TROPIFRUTTI GYÜMÖLCSÍZŰ GUMICUKORKA 100 G', 1, 1, 'https://cdn1.interspar.at/cachableservlets/articleImage.dam/hu/225724002/dt_sub.jpg', 'A csomag 4 adagot tartalmaz.', 359, 320),
(9, 'GYŐRI NEGRO MÉZES TÖLTÖTT KEMÉNYCUKORKA 79 G', 7, 1, 'https://cdn1.interspar.at/cachableservlets/articleImage.dam/hu/367983008/dt_sub.jpg', 'A torok kéményseprője', 199, 520),
(10, 'BELGIAN CHOCOLATE SEASHELLS BELGA CSOKOLÁDÉ PRALINÉ 250 G', 8, 2, 'https://cdn1.interspar.at/cachableservlets/articleImage.dam/hu/120009006/dt_sub.jpg', 'Belga csokoládé praliné.', 2399, 264),
(11, 'LINDT LINDOR TEJCSOKOLÁDÉ PRALINÉ LÁGYAN OLVADÓ TÖLTELÉKKEL 200 G', 9, 2, 'https://cdn1.interspar.at/cachableservlets/articleImage.dam/hu/212882005/dt_sub.jpg', 'Tejcsokoládé praliné lágyan olvadó töltelékkel (44%)', 2399, 564),
(12, 'SZERENCSI MACSKANYELV MINŐSÉGI TEJ- ÉS ÉTCSOKOLÁDÉ 100 G', 10, 2, 'https://cdn1.interspar.at/cachableservlets/articleImage.dam/hu/359489006/dt_sub.jpg', 'Macskanyelv minőségi tej- és étcsokoládé.', 1199, 310),
(13, 'WERTHER´S ORIGINAL TEJSZÍNES TÖLTETLEN KEMÉNYCUKORKA 90 G', 11, 1, 'https://cdn1.interspar.at/cachableservlets/articleImage.dam/hu/262143002/dt_sub.jpg', 'Tejszínes töltetlen keménycukorka', 419, 319),
(14, 'ROSHEN CHERRY QUEEN KONYAKMEGGY 108 G', 12, 2, 'https://cdn1.interspar.at/cachableservlets/articleImage.dam/hu/343722003/dt_sub.jpg', 'Konyakmeggy - Étcsokoládés alkoholos-meggyes bonbon.', 549, 549),
(15, 'SZAMOS ARANYKOCKA MANDULAMARCIPÁN CSOKOLÁDÉ-, MOGYORÓ-, NARANCS-, KÁVÉKRÉMMEL 8 DB 135 G', 4, 2, 'https://cdn1.interspar.at/cachableservlets/articleImage.dam/hu/208088008/dt_sub.jpg', 'A képet festette Dante Gabriel Rossetti a XIX. században', 2399, 120),
(16, 'SPORT ÉTCSOKOLÁDÉVAL MÁRTOTT RUMOS ÍZŰ KAKAÓS SZELET 25 G', 7, 2, 'https://cdn1.interspar.at/cachableservlets/articleImage.dam/hu/1377002/dt_sub.jpg', 'Étcsokoládéval mártott (17%) rumos ízű kakaós szelet', 109, 1340),
(17, 'TOBLERONE SVÁJCI TEJCSOKOLÁDÉ MÉZZEL ÉS MANDULÁVAL 35 G', 13, 2, 'https://cdn1.interspar.at/cachableservlets/articleImage.dam/hu/451510004/dt_sub.jpg', 'Svájci tejcsokoládé mézzel és mandulával', 229, 870),
(18, 'SMARTIES MINI TEJCSOKOLÁDÉ DRAZSÉ CUKORBEVONATTAL 13 DB 187 G', 14, 1, 'https://cdn1.interspar.at/cachableservlets/articleImage.dam/hu/451932004/dt_sub.jpg', 'Nutrition (Free Text): *Referencia beviteli érték egy átlagos felnőtt számára (8400 kJ / 2000 kcal). A csomagolás kb. 13 adagot tartalmaz. Az adag nagyságát a gyermek korának megfelelően változtassa.', 1049, 420),
(19, 'BOUNTY TRIO KÓKUSZOS SZELETEK TEJCSOKOLÁDÉBA MÁRTVA 3 DB 85 G', 5, 2, 'https://cdn1.interspar.at/cachableservlets/articleImage.dam/hu/307672009/dt_sub.jpg', 'Kókuszos (21%) szeletek tejcsokoládéba (36%) mártva', 269, 820),
(20, 'HARIBO PRIMAVERA GYÜMÖLCSÍZŰ HABCUKORKA 100 G', 1, 1, 'https://cdn1.interspar.at/cachableservlets/articleImage.dam/hu/19679006/dt_sub.jpg', 'A csomag 4 adagot tartalmaz.', 359, 600),
(21, 'MILKA ALPESI TEJCSOKOLÁDÉ MAZSOLÁVAL ÉS MOGYORÓDARABOKKAL 100 G', 2, 2, 'https://cdn1.interspar.at/cachableservlets/articleImage.dam/hu/1361001/dt_sub.jpg', '16,7 g = 4 kocka; 6 x 4 kocka = 1 tábla', 369, 378),
(22, 'CHIO GOLD FISCHLI SZEZÁMMAGOS KRÉKER 100 G', 15, 3, 'https://cdn1.interspar.at/cachableservlets/articleImage.dam/hu/14828003/dt_sub.jpg', 'Chio, kréker, hal, aranyhal, Goldfischli, szezám, szezámmag, rágcsálnivaló, rágcsa, nasi, snack, ropogtatni való, ropogós, finom, fincsi, nassolni való, nyami, buli, parti, foci, barátok, szórakozás, suli, nyaralás, csemege.', 459, 378),
(23, 'CHIO CRISPERS CSÍPŐS FÖLDIMOGYORÓ ÚJHAGYMA ÍZŰ TÉSZTABUNDÁBAN 60 G', 15, 3, 'https://cdn1.interspar.at/cachableservlets/articleImage.dam/hu/362563007/dt_sub.jpg', 'Védőgázzal csomagolva.', 229, 678),
(24, 'MOGYI MEXICORN CHILIS, PÖRKÖLT, SÓZOTT KUKORICASZEMEK 70 G', 16, 3, 'https://cdn1.interspar.at/cachableservlets/articleImage.dam/hu/244084002/dt_sub.jpg', 'Védőgázas csomagolásban.', 199, 860),
(25, 'MOGYI MICRO POP SÓS, MIKROHULLÁMÚ SÜTŐBEN ELKÉSZÍTHETŐ PATTOGATNI VALÓ KUKORICA 100 G', 16, 3, 'https://cdn1.interspar.at/cachableservlets/articleImage.dam/hu/244682000/dt_sub.jpg', 'MIKROHULLÁMÚ SÜTŐBEN ELKÉSZÍTHETŐ PATTOGATNI VALÓ KUKORICA', 199, 860),
(26, 'MOGYI PÖRKÖLT, SÓZOTT FÖLDIMOGYORÓ 85 G', 16, 3, 'https://cdn1.interspar.at/cachableservlets/articleImage.dam/hu/368302006/dt_sub.jpg', 'Védőgázas csomagolásban.', 209, 1320),
(27, 'MOGYI MICRO POP VAJAS ÍZŰ, MIKROHULLÁMÚ SÜTŐBEN ELKÉSZÍTHETŐ PATTOGATNI VALÓ KUKORICA 100 G', 16, 3, 'https://cdn1.interspar.at/cachableservlets/articleImage.dam/hu/244688002/dt_sub.jpg', 'MIKROHULLÁMÚ SÜTŐBEN ELKÉSZÍTHETŐ PATTOGATNI VALÓ KUKORICA', 199, 970),
(28, 'POCO LOCO TORTILLA SAJTOS ÍZESÍTÉSŰ KUKORICACHIPS 200 G', 17, 3, 'https://cdn1.interspar.at/cachableservlets/articleImage.dam/hu/343322005/dt_sub.jpg', 'Sajtos ízesítésű kukoricachips', 699, 379),
(29, 'BIOPONT BIO GLUTÉNMENTES FÖLDIMOGYORÓS EXTRUDÁLT KÖLESGOLYÓ 75 G', 18, 3, 'https://cdn1.interspar.at/cachableservlets/articleImage.dam/hu/393015001/dt_sub.jpg', 'Ellenőrzött ökológiai gazdálkodásból', 319, 379),
(30, 'MOGYI CRASSSH! SALSA-LIME ÍZŰ TÉSZTABUNDÁBAN PÖRKÖLT FÖLDIMOGYORÓ 60 G', 16, 3, 'https://cdn1.interspar.at/cachableservlets/articleImage.dam/hu/332739005/dt_sub.jpg', 'Védőgázas csomagolásban.', 169, 810);

-- 
-- Dumping data for table order_heads
--
-- Table edesseg.order_heads does not contain any data (it is empty)

-- 
-- Dumping data for table orders
--
-- Table edesseg.orders does not contain any data (it is empty)

-- 
-- Restore previous SQL mode
-- 
/*!40101 SET SQL_MODE=@OLD_SQL_MODE */;

-- 
-- Enable foreign keys
-- 
/*!40014 SET FOREIGN_KEY_CHECKS=@OLD_FOREIGN_KEY_CHECKS */;